id,fec_alta,user_name,codigo_zip,credit_card_num,credit_card_ccv,cuenta_numero,direccion,geo_latitud,geo_longitud,color_favorito,foto_dni,ip,auto,auto_modelo,auto_tipo,auto_color,cantidad_compras_realizadas,avatar,fec_birthday
1,"2022-03-28 21:18:02",JoseMario,89421,1234987124123,AQAJKrfsbhskgdVkZI8ES4ByUhgu6vSn/XaCif9Hybk=,12mPT9knnkKAcIVO5YxdmhZL5xchaJbV+Hk7Q39OiYY=,CAlle24#82,0,0,GzJdDI6TUyc5wenuznB+ISlOP35gQx/5CeK4K2jC1jk=,N/A,jdNmwfYtYAt9scVuJvcvn+Im0XnUs9w/Uzef586pVmg=,mercedes,1,convertible,rojo,dd9AFmS8zoFjXVvjpkGo/E0OhplxpnV9iin7zno1HgI=,https://cdn.fakercloud.com/avatars/muringa_128.jpg,"2022-03-28 21:18:02"
2,"2022-03-29 03:28:16",Junior39,22139,6767-2293-4172-5169,nu18a5CHRpq79m/M+dQ9hwKUmKSnk/FvlqEJc6VOeg4=,mtUAGLWAY7ll/JNUeqYqwsjXMvZk9RlaKcZuLu8uE0g=,"Amelia Forks",-40,-40,q7GCl1R0BRkvFYYCOZ5PgKXEd5buDaZSGoi0v+slOd8=,http://placeimg.com/640/480,azJs1DuwWUpBgCOk4W0G7QRjT7FO4FEJRFx5InQOwME=,"Bugatti Corvette",Challenger,"Cargo Van","Lamborghini PT Cruiser",Brs4K+zsj+dDEpJTvPkx57DaODn/10O02NecThNHOas=,https://cdn.fakercloud.com/avatars/franciscoamk_128.jpg,"2022-03-29 03:28:16"
3,"2022-03-29 13:20:05",Ethelyn.Schinner,41351,3731-257378-42633,EwaAcwaXg4EIQfhloB746GsbcJe0Ykk2qlcbJIHtxtE=,m4M+1Fu7yf/DDvZQbFpbBt3OXCpR91oheFNfS36EBQQ=,"Shaniya Springs",10,-106,XTTHWZrQGkULAymVOfZeg7ipetcOwTkrZ19zgfhdIqA=,http://placeimg.com/640/480,A9fGsRIvwC8UbxX7BhklyyAYNOPFGaYfLM89NkCxKkM=,"Volkswagen Cruze","Model S",Hatchback,"Jaguar Camaro",MwD8BKooU8YCsk74tcbEY8iQ8Z5C6rfC62bdQ/v4xck=,https://cdn.fakercloud.com/avatars/yigitpinarbasi_128.jpg,"2022-03-29 13:20:05"
4,"2022-03-29 14:44:48",Lonie85,50853,6767-1997-9307-1857,QrAPAmcnyyW9y+RAxQeUzLhWw/YdgRF1k571pG7j3O0=,E3f8THCuGtlxQkjQl4cqDbJ/CdMFdMTtWDLcllkV6S8=,"Brakus Isle",11,56,1R7IlhhNcK6S0B/YUEEH0OYZcVolh2qcCBy5UDD61Qg=,http://placeimg.com/640/480,xFsjE78tmIb9yQ//ngSAjHgeSyJuaSAphBFB8fMQAwg=,"Jaguar Mercielago",XC90,Sedan,"Chevrolet Malibu",e8a5VbogDN5vWElUEcxE83DOZMe6T0lW4lLYXHOGoCw=,https://cdn.fakercloud.com/avatars/arishi__128.jpg,"2022-03-29 14:44:48"
5,"2022-03-29 10:54:26",Jakob.Cremin,56115-4988,5430-4357-7754-2064,bSRfZ7w0tmtgtcHSodHe5TXsTou4FK4/oxXTKDK+xkk=,aF6iiydw6hz8CffemhfkhVfQsQMFlmPfTSBjO1Tk6Mw=,"Idella Shoal",90,153,9lwe2Y64C3C7jDy83/+mELWsZqQB0UYuL+AYO2k7gbA=,http://placeimg.com/640/480,aFcJ1kjc5B/hvotxkxdxGspvuPt2DTs9KB0buSH8WOw=,"Polestar Expedition",Mustang,Convertible,"Jaguar Roadster",r0cSgj9wN38dYIcYL+D1pmMM7kaPRBWARkeyJIFsKhs=,https://cdn.fakercloud.com/avatars/mocabyte_128.jpg,"2022-03-29 10:54:26"
6,"2022-03-29 06:38:00",Juvenal.Larson92,59210,6767-5481-7164-0776-991,OxWnLHSe6xEGHXSsrjHslhc+ji93aNV2LfUr9w1q8f4=,y0E3po/n005BAwbP7G+9f2fki6LDxZbnhisxHBZ9sq4=,"Quigley Shoal",-36,60,NU+QxlZwfRn58Jx8eoc+OnuVdvesRRb+zOIhDPbCvXY=,http://placeimg.com/640/480,bXij9zSKXNPbwt1bTsIeUdNAGrTKU0UVf1px+3KeZw4=,"Maserati Grand Caravan",Civic,"Crew Cab Pickup","Polestar Model T",jSO2mn0sayVIjBcdTmvB9R5K8tkJtwcGOAXi+TpdWpw=,https://cdn.fakercloud.com/avatars/ooomz_128.jpg,"2022-03-29 06:38:00"
7,"2022-03-29 02:35:33",Jeff_Greenholt,93737,6709674859728353,IeCK6mPM8xtiBTstxVCs9+UX/EOZO3Oa0DdWDWdX8mw=,kFfQSqhJqZdXSxGuf7GzwLeWctInsneX1k0qGTIybr4=,"Sophia Lodge",-39,-93,DFtcTtVWQj4zdvwSI+mw8Ir4MdJmcVCPMzSEif/mpfM=,http://placeimg.com/640/480,AwlqwFq7MSg/MuPC2cNR0CNaHgnCEl4YMZ474spZZWc=,"Smart Durango",Volt,"Extended Cab Pickup","Chrysler Corvette",QxjOIOaZKxuz0yoes2JKZPlePrrbroFIHQiQA/MmHFo=,https://cdn.fakercloud.com/avatars/rodnylobos_128.jpg,"2022-03-29 02:35:33"
8,"2022-03-29 09:53:09",Mckayla.Lesch,90176,6759-0754-0126-0231,1A8NBv0xO2InDQyEbf07wv7wk36FAtNzkEnIlAor8Eg=,/FmCHiFnCDAtiHSi2DFuEcyZszmLy70w1quyeB75W/Y=,"Antonette Extensions",73,-113,gO/PSiJF8BdITZU2YnWr3BAt0byOAJYWJPeGMx7n4I8=,http://placeimg.com/640/480,jroZmudnJZIyknggOF8Fr2EcOf4USLbeQYHN8pHSXA4=,"Cadillac Fiesta",XC90,Sedan,"Land Rover Fiesta",10EzQaVS5XWx/8Np5DNmdA6wggsJFoXWsUMJGtzFDak=,https://cdn.fakercloud.com/avatars/woodydotmx_128.jpg,"2022-03-29 09:53:09"
9,"2022-03-28 21:46:39",Idella.Stoltenberg4,95518-2474,3001-770154-8913,nBFN79OxGurhZIAmkffzJVd0W5JaSaNGO7ruABYCPzU=,MKHh05RgMzBRPtCcYKlhM/rRAg8LWNPnM/aBw7wmYPo=,"Ibrahim Court",-11,132,uTYe/QjwkVQCLGDeQfsEYiV/N84UJJsiM6hON1+X9wA=,http://placeimg.com/640/480,xarUSFvby4qIm8G+NZhBHUiLpjhWNnNNCEpLO9c6KGI=,"Volkswagen Countach",1,Minivan,"Audi Fiesta",vdr1u9Ohs1XYMgTTt/GypemY/PhlhmuVPyGPK8F7s/M=,https://cdn.fakercloud.com/avatars/Talbi_ConSept_128.jpg,"2022-03-28 21:46:39"
10,"2022-03-29 05:06:16",Lawrence_Buckridge76,01592,3405-416979-04538,qtt4rOATIz6/tMEKDGNZTzn6FgJ9TtYyEUwd9Hodado=,peRK34ZcFdYWp2e2ZNXkkFbVli3SYT5ELjBi8CAoC4s=,"Richie Locks",17,-4,hO8A0kCAhaiQSkgudLz5Ffp9+3BAm+TUmWdSX6xXctE=,http://placeimg.com/640/480,1qebzClTC8kMiM4bDPQHn4/WINk7RgD3dkn1x43uCec=,"Maserati Corvette",Altima,Hatchback,"BMW Fortwo",6PO1ZhGyWWYaTBrp1wTcAiC6w5PEiQBRWfs9DPbQeds=,https://cdn.fakercloud.com/avatars/otozk_128.jpg,"2022-03-29 05:06:16"
11,"2022-03-28 23:07:08",Jeffry_Rau,03196-8894,3529-3507-6020-1696,hR9cFROrSOoxH0uu5H11exKyjD1fItWyka7VJwcK7j0=,h8Vv27eF4nXFcrGkDfHAIVThYo55ymq6evwXITBhnjI=,"Karen Lights",18,-152,3/N8RbBU5Vg4eMJL4KbgTyWdjDHg6gmVH22LngKKwUE=,http://placeimg.com/640/480,zmpI2gg2xbuOT3qFCe3k5oQ3XhTh7Nw+b+kx6KstWuA=,"Volkswagen 911",Beetle,Wagon,"Toyota Civic",KfBXF5pnto/R+6VxFgVeP0Xf1MYw/rQQEEU1LVsWSNg=,https://cdn.fakercloud.com/avatars/raphaelnikson_128.jpg,"2022-03-28 23:07:08"
12,"2022-03-28 20:59:05",Anahi_Dare,67859-2597,6550-6231-9535-4575-1544,c9vTW5fqXyYmBjR0JlScrWed5mPP+PSdTg4ROzQs+YE=,GfIXvcbgUrgeMDEqrJRE8vdUSD2Cj/VFUBCKjnQv6p0=,"Lucio Trail",34,64,rJ2OwFnbiXobkKuQZJD7klIJ7Wkhd9KV5RVBuD5TkWk=,http://placeimg.com/640/480,dijQDF7U6/NjnOaVGxd1bA2w0qC4fkLbfZxVXkhH/DE=,"Volvo Escalade",Aventador,"Passenger Van","Land Rover 911",EJqmi7c5hlrUjBP4t+Nf7f2iN33p4aW/mNguUzhN+6w=,https://cdn.fakercloud.com/avatars/karsh_128.jpg,"2022-03-28 20:59:05"
13,"2022-03-29 17:50:38",Dayana_Corkery70,56324-1007,3528-8208-4304-6275,FVGRMJLqIUvzVElFcfM623yxqWCSQ2UtYgfkYJMdqFw=,91Eg/FOi7JCfkhEIdNVOi8E1Z584eC+UjavZpPpViIU=,"Goodwin Plaza",74,-99,F6w7Pn+ruv6o4IPeZNRG3aqXMChQRuiSqKOPfbq03fA=,http://placeimg.com/640/480,PfPSTkuhYZb2LXVNrQQha408KsEuZCnNsb8y5BscV8I=,"Mercedes Benz Colorado",V90,Convertible,"Aston Martin Countach",sMSLpXG5oVJHGcrHSyii66w9/lfbr7/9+tlWnJqVnAE=,https://cdn.fakercloud.com/avatars/iamkeithmason_128.jpg,"2022-03-29 17:50:38"
14,"2022-03-28 23:20:18",Al.Goldner77,20565-9029,3471-342768-39559,MXPj9bJsJS3zHS9JCrfjiei2o83hYMFSqr1ig8Q9yM0=,hv+ghTyASG1wOtNLBDmTRMGkH2G/ymS7WneQaEnG8vs=,"Reinger Ridges",-61,-54,a7vpW4l1TShTdVxTV0LT3YYlC/pPskbHIVJ6FGa/d/k=,http://placeimg.com/640/480,lHvV1brn9dhjGhNoj2vr2WCZZB3hHQwBKYDvMisxkA0=,"Audi F-150",Alpine,"Passenger Van","Porsche Alpine",4HbC/LqarDenMbQCHKG3laRfEDANBiFCiKUuj4Nyl3w=,https://cdn.fakercloud.com/avatars/turkutuuli_128.jpg,"2022-03-28 23:20:18"
15,"2022-03-29 14:51:04",Ronny53,62409-8699,3540-7990-9937-5220,OuO6MyoxG4N4LWymD+SxWne83SeW5G9xE1eb6TVunUw=,NGAFZH2noWRMmREUm3/lM2GyDTywdi1hQloWUgSku6o=,"Ansel Square",-36,92,0m+mDOmfdVGmo4lT5O7uH8Pfg5norCITpxpcvY8RlaY=,http://placeimg.com/640/480,zgecdT3RC8bAcWddBuyVTnPCzCee9RP5Bau6m4TJn9o=,"Land Rover XTS","El Camino",Wagon,"Jaguar Silverado",85LJGVELxLTAxH0Rn7DCLx7K3TN9h7tusBSWqTEWHt8=,https://cdn.fakercloud.com/avatars/craigrcoles_128.jpg,"2022-03-29 14:51:04"
16,"2022-03-29 19:00:49",Brent.Reichert,98613-2874,6378-9718-5859-7252,w3wDWuJTz1TU2iDL/nisWSRtDL77EmFd4sVYXMk3ZeM=,eEpecmqJkSNC2DiMwV6jS1mgLjMmvKdnvOZU+Qk+pYU=,"Benjamin Plains",-39,9,RD9WHyJE5gbmY2zcBMbmIKySSBPZAFe6kBVF0yf9dkk=,http://placeimg.com/640/480,Q1HSJgBiNjEr8z4fiLOdjebb09x3gdfYCmesfW4vbTg=,"Nissan Golf","El Camino",Wagon,"Nissan Expedition",f2mYubdpyso+JUuVaCBfGkOx5NLJIo0bRHub0Cda7ao=,https://cdn.fakercloud.com/avatars/souuf_128.jpg,"2022-03-29 19:00:49"
17,"2022-03-29 03:34:08",Jayde_Spinka,00540-2686,6759-0515-4414-9225,glDRStfkGidBe+jTjgBcLDjaygB7xYH4WPpA0hzkLLg=,RSht4Iw9LkjHqTqXABtWKvdQf2/PbMMTVIWUse3I3kc=,"Rogahn Manors",-47,-23,kpsnLKXyQjp7ZiWdDgEwRUI0K4+fkCda83Rha1aihLo=,http://placeimg.com/640/480,ESFUBquSgn+jTBWdfAmWIYpF6izhWo/7nw5XAyG7/dA=,"Maserati CX-9",LeBaron,Hatchback,"Chrysler Civic",DHyJmrhPLWMRMm34JW9UO9FBuLRYEW22WvsFHnVq2vw=,https://cdn.fakercloud.com/avatars/davidhemphill_128.jpg,"2022-03-29 03:34:08"
18,"2022-03-29 07:34:01",Kara_OReilly33,26435-2521,6374-2301-0133-2540,ibgI5ouk7VIC4Fb267FMCHu1XrV5IplyNgALm/sqbKI=,UqpUESzRRigAruJg+qXwNK87Kn5eQH4D4+a0io/l/yk=,"Denesik Square",-49,79,w7YjkO6OBK+jGddRqS8XbXVsi5pf+7at8fO6x92Y21M=,http://placeimg.com/640/480,CPiG34oeWUpPUkcVgE6v8T2Ux6ZpnuELEpEryYnbLD0=,"Bugatti LeBaron",Aventador,"Passenger Van","Lamborghini Aventador",FlM9W2O/tW0ZxbBa0nWE4LJb6sTqgMuIYUkEMGw1sfI=,https://cdn.fakercloud.com/avatars/oktayelipek_128.jpg,"2022-03-29 07:34:01"
19,"2022-03-28 23:21:17",Orrin18,32721,3754-311248-84616,jkwrrUvjMr5vl541rdba4VOqrJRttM02zfRICQmAFXM=,m0an86s4n7gDghSqZrKbHxi1fcJJIt8KWIcm4qUk1s4=,"Giles Trafficway",-42,-117,orA1l4EoOLKzDZ2ZGuPhCTHCzCEWHZ4qG0X2n+f9VTc=,http://placeimg.com/640/480,SofiB20rDKiGfzEa6y36SuL50+QDMCMAv1pb5MreGjA=,"Mercedes Benz LeBaron","Land Cruiser",Coupe,"Tesla CTS",HlwKKmzeg+l2tCffpaILiR7bRP4xg2oKH8XjzRWkN4Q=,https://cdn.fakercloud.com/avatars/buzzusborne_128.jpg,"2022-03-28 23:21:17"
20,"2022-03-29 17:18:35",Alphonso.Jacobs,22205-3359,3528-1029-6511-9200,GaDmEE8GG+SO/UI/omRpC8H39mWRnXw34wlHqV7FPCQ=,FjDPnObCRb9Yh7AdaFLpqR1/r5+n27DOQoZI4xvr2qg=,"Susana Creek",-48,-148,4URaOoF3WBbrr7cNrqDZkamMIko78IfsXGnJqkvAoA4=,http://placeimg.com/640/480,0xlmDhC757FcBljXhHqmwPgteaZyMSyNOYveQQ7E0sY=,"Tesla Grand Caravan",Charger,"Crew Cab Pickup","Chrysler Expedition",6ZITNNNLPFSrCtXPWwVv0G+2Oj4a4V1WI9XorfutU/4=,https://cdn.fakercloud.com/avatars/attacks_128.jpg,"2022-03-29 17:18:35"
21,"2022-03-28 22:35:13",Roger.Hagenes,71620-2023,5130-1403-0284-5049,CAFBWjg4JQOnGRN173kcMhgRTJ2jsEMSD/+C0Tp9Te4=,7/oiVDw7ujP2oNMOsBx4/qiGE3gcycX4+UnML7yqOk0=,"Ahmad Pine",-6,-148,okflkuJvesthx5iN/S84iwyGQkNypIHS5VPtxgK1piw=,http://placeimg.com/640/480,Y5LsZL+GzfwsH+6OpHbvR3ZOrtCrTjErJpxv3D0YUsE=,"Ford Aventador","Land Cruiser",SUV,"Land Rover Explorer",2KY7Gm+FeXvHLZrP7A0b/fBsZnHKwtHLGY1+ksTWAw0=,https://cdn.fakercloud.com/avatars/marosholly_128.jpg,"2022-03-28 22:35:13"
22,"2022-03-29 08:10:08",Ethan_Cormier85,73773,5421-6441-7815-8369,U8sTq5h6DQ0N0dYqc1q2HSFbEnPCKw3/3WesGzFBtb8=,rkzjUQOrvpMEsYe/XpNH5QI2UTwTIlUtVvZW+bxK0EU=,"Brakus Alley",31,25,SI2rcbTe1Dy4CnMxes3rSqvV3Y0tdx3vvbfSMjtC0cY=,http://placeimg.com/640/480,EHqsSWdWj3to/bZS4cjY/sSxWfTsjnzP9/BJfyEm6DQ=,"Nissan Countach",A4,"Crew Cab Pickup","Ford Impala",lkqcIaoJz2D+S2tgAGKOLoXqFOt41X/07CWkg6UCOKE=,https://cdn.fakercloud.com/avatars/el_fuertisimo_128.jpg,"2022-03-29 08:10:08"
23,"2022-03-29 09:20:19",Nakia_Ruecker40,91024-0135,3529-8494-1046-8684,OWOmjn3imWD/FL2RjDeQIqash8FCFW1FX1PyX+w7sHE=,uQL7mt1GYA7BsAKP2C2qmtkBKFSlsEKCB73tmrpO9To=,"Fredy Valleys",90,84,GDEvU3c4jrPxlbmyfYxOwRxQyovDwtcopLMNyzrMw9M=,http://placeimg.com/640/480,QvX2SPMtWdXA7vGubmfhe0/Ldw1Lkuk/rkwFt9JZKxg=,"Porsche Expedition",Element,Sedan,"Tesla Jetta",7oF6bg8onzjghlCzB0CFyy2BFc4cjppEke762snpVdI=,https://cdn.fakercloud.com/avatars/agromov_128.jpg,"2022-03-29 09:20:19"
24,"2022-03-29 17:35:58",Hollis.Hodkiewicz,95270,3529-0990-7203-5508,0XeWEr0nGeGxsBGN6MdSsXVAOxuZ7X0tl43mD2OwOto=,kGoaGaLqywAjcRZ+/m7hxj/0u6BL2iQqwhgSL06fUFE=,"Cartwright Ramp",-6,-101,nIckMFaYzrkF+yHypwmZYXvvZtIRZdPUHlhyQ1uwmIA=,http://placeimg.com/640/480,iXwGu45RaglTqQ+qAJBEVNgrqTJFctmUUSPrd61hpVg=,"Cadillac Grand Caravan",LeBaron,"Passenger Van","Bentley Focus",MKlWh1KJBBZYkvrFdgYaOM2/+hMfu2AMnqbwMj4569A=,https://cdn.fakercloud.com/avatars/nicklacke_128.jpg,"2022-03-29 17:35:58"
25,"2022-03-29 00:15:21",Kristin_Jerde12,98948-5291,6011-9466-7524-8128,qJtG7c89iSeXeLO6ElhMeB8YMKg0msS4YN1IzbpIHEY=,tg9tXNVhm2wIZkgnu3K0oYkJjzzvEVpyQsktMEMykYQ=,"Johnston Port",-34,-26,WS7zcobAeOFJ289Qg+7veOG51d2tsxzxsXtxhqyI9eU=,http://placeimg.com/640/480,7bkL6iJ8hyUrAAgAnHxG017EGeaoDc2SEEN3cMo7HHM=,"Bentley Malibu",Ranchero,SUV,"Mini Sentra",5pKjcuf+AZosBi3BvPJg+IDi5VorGK1c1j7xwHViJHQ=,https://cdn.fakercloud.com/avatars/smenov_128.jpg,"2022-03-29 00:15:21"
26,"2022-03-29 10:55:12",Lura_Bashirian81,48214,6759-2851-9009-3337,xWpvi0VNJSSAzVVDn7af7iUyK5fzIwHKtcM3XYYCAYA=,6/q/ENAfcbVQi93lQF8z5pYBlP7ySa+ViKTc0S0B2BA=,"Simonis Club",-73,-151,OINyrT/PyHe2vUywbxtNVb7ygM9Ocq8ga8YI8v643HY=,http://placeimg.com/640/480,G7li+Nhky0VAdAPu7/L3GljxbPokTOWxE8zsYWp8Wnc=,"Dodge Mustang","Model T","Extended Cab Pickup","Aston Martin Model S",Kmuz1/9noDLp3xQ+sHRuaA1SPgIgtWs4T1tNYBMuaWA=,https://cdn.fakercloud.com/avatars/rpatey_128.jpg,"2022-03-29 10:55:12"
27,"2022-03-29 14:42:52",Sherman_Swift,09526,6304927409802421934,Hs9HStDNQBfuR7QkUIMi0/KRvP0s+jqlDdUova+0Pzo=,whjgdqrZTTyjGcR56WnadLxq6/hQWCkpExzHaOkMFfs=,"Mittie Club",-22,-84,QeV1wN8EgEOd1KmcikQqJqM440fbDpNCAiybDjitR08=,http://placeimg.com/640/480,CPYOZsOPG3OzC+gP+7I+qiNfnO9yBOYlEKx2lLS0tBg=,"Maserati XTS",Taurus,Sedan,"Mercedes Benz Focus",xGujGP+j1uEHf7gqJ6IMj55YXAWV+bEcqUzSsHMSzbk=,https://cdn.fakercloud.com/avatars/alexivanichkin_128.jpg,"2022-03-29 14:42:52"
28,"2022-03-29 04:05:20",Kevin_Leannon40,72175-4364,4938-3176-7839-4841,bVbhCDc1S78ucoMRGFC8M4jWQnNu1UOEIUWy3zc/DdE=,Yd1l5zozn86I3RUT38ignHj2cr4yoC6m2IjHE6Td29Q=,"Schuster Stream",-48,59,H67jS0GhZDbbc3GK9ATKcG8pjj+NK+psEYYWZQyQek8=,http://placeimg.com/640/480,XiSvbkq60Z6F/kJmmYPXgn82pd6sbRct7G1zx3vNe4s=,"Hyundai Volt",Silverado,"Cargo Van","Ferrari PT Cruiser",+G4+dBXaVGXWKUKdKEYPn5o08r/IrjTgLF04rEyAUIY=,https://cdn.fakercloud.com/avatars/akmalfikri_128.jpg,"2022-03-29 04:05:20"
29,"2022-03-29 02:37:11",Sandra23,33538,3693-071987-5312,6x0seVoX2wSb+TlbWwJSeDIn3LXFIT+kTEu0OTlnO78=,9TEF94rdqXK095bo5GVO8vM8s25PkjTamoI9G0gNmVc=,"Brakus Mountains",-4,21,OL2ObG8BMK8mVZdU8EHLmp6IBpqKgFzt3YlvTM7P7Uc=,http://placeimg.com/640/480,JHbO8kLdgakcYPokJoXbhkig9FTt7rSI4U5gwm4VO7w=,"Honda Wrangler",Charger,Coupe,"Rolls Royce CTS",InEh/c5TYKWc85r1KXrnWIFwRqhzEl1uE0H3JwK6deQ=,https://cdn.fakercloud.com/avatars/peterlandt_128.jpg,"2022-03-29 02:37:11"
30,"2022-03-29 05:20:23",Jerald_Schimmel90,81497-5007,6399-4851-0201-9865,ZVnBlmZp34FLsMZqnBAk35HwegdiTnde5253vR9hQ9M=,PxZQhh0JBfLcDCzJL8ixH567E0T0KNSv75clWDJ8SDE=,"Hyatt Knoll",-37,-139,f9QT52XaxcVmZKDLQG2O9GfPTRFGjl1miMOVJCmDIYg=,http://placeimg.com/640/480,SrPbAO+G7Ti1bPt589B3zXqTywGXgaLwYCcK88EMwYw=,"Rolls Royce Spyder",Alpine,Sedan,"Audi Model 3",n6DqZlLA/Ug6Ec1G1fDzfLnn78Std0vlIADJHERXPL8=,https://cdn.fakercloud.com/avatars/axel_128.jpg,"2022-03-29 05:20:23"
31,"2022-03-29 18:30:28",Beverly_Schoen,89200,3529-3712-7910-4411,GRfS9jMU1xEpnnXY9bf58L9KNgizFb5ydb5sIOKNcaA=,9Bj+XP4UWxCaOLgTwf8TiI4E9J9/Jw6C1UQ8u43yzZI=,"Kobe Brooks",26,124,HPNOJKuqdvGC7rcS5TwB2/EZ+XCQEfJJKNJhzM19VrY=,http://placeimg.com/640/480,Jm5+hDlagc/0jnL/6Uem0oxSYv7SklpG8lHOxbEYRK0=,"Chrysler Malibu",Cruze,Wagon,"Bentley Impala",TXdFItCXfNlPAnbDu1+2C0gYdpY97v3AKxbTQ14yPEE=,https://cdn.fakercloud.com/avatars/mikaeljorhult_128.jpg,"2022-03-29 18:30:28"
32,"2022-03-28 20:18:33",Armani.Effertz,80560,4535-6168-1228-6782,MlTUVmZkVxkt9DycVz0MtQJWVUBQYleAsB1JqBYRESg=,8OOdnaCY8g+0gCcZo1Fdv9HqQsFBU46402azQ47tHZY=,"Smitham Junctions",8,-166,GR4vtNFodaLqyIApTAzhTDzobZ3E01/nXXEME61Gp28=,http://placeimg.com/640/480,dx/UuM7YmGxEwryQXf8KI5LXfS1a24HziH2stqAbaAo=,"Jeep Wrangler",Fiesta,Hatchback,"Jaguar XTS",Ak78NxK+Gdf9p8DDBMf5C6tB5ADqxm5usa9612wUIVA=,https://cdn.fakercloud.com/avatars/daniloc_128.jpg,"2022-03-28 20:18:33"
33,"2022-03-29 14:50:14",Baron.Wilderman,88018-0705,6767-2730-3048-5476-31,Qjo41xXLvCPTRxqFyKiZQXVfjIn0iSJ7CTVwMXREuNI=,Vm0LyjsXmr8oZWnvvv86kXMOnCUm6HzqSauOWfPKk1M=,"Alisha Canyon",-1,-115,aRmR5K3SLCdipj+aHWrRmEdOtyMz9YWjLVrl4cegCmw=,http://placeimg.com/640/480,mA06acaynwWxtLNULNx8QkEF2BJ8S767WGW1biZwJF0=,"Mazda Sentra",Explorer,Wagon,"Volkswagen Mercielago",qi9syjQ0xM8ZeKAOW1AuWUA9f6tMnzBMtYWxA4AEzQ8=,https://cdn.fakercloud.com/avatars/nbirckel_128.jpg,"2022-03-29 14:50:14"
34,"2022-03-29 10:16:58",Jacey_Nader94,94154,5018-6153-7306-3353,cwoZryTcU0lRALTO56uJIKoAbKdOhuxBOB9rkci6OG4=,n/ibkMT35RP6YoheCD4UkZ2HceeIQT5iBQppi+Vd0HQ=,"Wilford Plains",-81,22,B0n/i7PYlaBOhZ8jx2XIQsm9oZXAYElRuRfKXQL+Y3M=,http://placeimg.com/640/480,ITrohY3qUv+HBR/u31/XsH/ZbvbXw+y463h53j4xS8E=,"Bentley F-150",Camaro,"Passenger Van","Hyundai Escalade",2qs/yNmqh+OeCinN61PU/Y2ve2m4v2oYoWrv9idZ+yU=,https://cdn.fakercloud.com/avatars/twittypork_128.jpg,"2022-03-29 10:16:58"
35,"2022-03-29 19:55:14",Maxime54,69213,5542-4895-8387-0087,NC5p4Sa4dvTwDfSHtJDX9SnF98Fnm4fypXjD7G6ivk8=,ox40pfe7szx/YVKc2+1vXoAemnVHO4u/QXh+rJT8vZA=,"Swaniawski Circles",-46,-138,plifNX0gohQCqZ7ugKiY69bwJIu18NX7NNeqxZEDumM=,http://placeimg.com/640/480,naOd5F01rDt6ROZkzk0z51zkLJd9/fOHVmJVm0ko7D4=,"Ford Corvette",Element,"Extended Cab Pickup","Dodge Colorado",6e/YLapPkbedvbuDBxBnnKCGRRu6Rk8+a9B3aXycCz0=,https://cdn.fakercloud.com/avatars/dhoot_amit_128.jpg,"2022-03-29 19:55:14"
36,"2022-03-29 10:01:45",Michele_Keeling99,54206,5468-9305-0248-2587,Vx/BOUIgqa9DDueXBUqKK7FyedNdkNgTm3qa8nRuZcw=,jEHQFaoKNjFV88VAwU9Cq1hFUK/9dB9bjc9nCS9CSiU=,"Rosanna Corners",47,81,YGz1HA7zjCjgrTuQG5eMEsLp4E3EBVBqFjRuFTz+y6A=,http://placeimg.com/640/480,C00ETO/ecnf5JvrCP3VCSn1l1LnvlJ26I7nkiCDzmhw=,"Mazda El Camino",Wrangler,"Passenger Van","BMW Cruze",UcUC6B2qbc486LdEz3V7yDN1zLGR35GFCM4T7Wh//tI=,https://cdn.fakercloud.com/avatars/g3d_128.jpg,"2022-03-29 10:01:45"
37,"2022-03-29 05:34:07",Norma_Deckow,63512,4164-1334-0892-6852,PsFfUX1eEVGx0Z3ttVX7p94BGn2RQ49aYF6SNE+ZUZU=,iH+5V0ZVPOKs68As5UK+NVv+h9Vb+Zi2+g4rkbqRT58=,"Kitty Rapids",39,-75,XKeNTSMWwi0S0dOah6Pyg+wx9GGJBHzMikhfl8rS8l8=,http://placeimg.com/640/480,fdf7FpmWcNhEDuepIj7Ukmw6ZO8FnkbxYv2XdIqT2Zc=,"Dodge Element",CTS,"Cargo Van","Smart Jetta",T+nyU4B8qrWeZsGMDAfwiJUItYufBZEJdGVIZ0CQWtw=,https://cdn.fakercloud.com/avatars/mhesslow_128.jpg,"2022-03-29 05:34:07"
38,"2022-03-29 14:01:14",Dalton.Hansen,23259,6762-4632-2337-3357,GUHKwhWjimrBw3g903tUDXfIXmiS3bPj81fkU+fE2kg=,8t31OyDBO8neFnNV/TsNw6FY3GSLtraJs8hPXZiHXOM=,"Mariela Street",-83,-167,ugOKEIffdHRm/MAWjXLZCEZ2Cv/wgLJ/mAY4aX45OIc=,http://placeimg.com/640/480,bvDPKlYuD4mKfi7CBZg5rXzl0Rb17uxsJfTIvYsO4Tk=,"Audi 2",Roadster,"Crew Cab Pickup","Ferrari Escalade",vlOnhh4AhSq9W9cCHZhgk3LyFqBEbZsUu5s6Mjbd2T0=,https://cdn.fakercloud.com/avatars/ionuss_128.jpg,"2022-03-29 14:01:14"
39,"2022-03-29 01:52:05",Oliver31,43939-2202,6771-8958-7927-6290,wA7qLH39Tn9JgYXwsyTd53K7CcwMHp3TXNm2xqXxA9U=,HyahnjuS1cici2r8rhEklvyyZCZs4Bh4JLfZhj1bJGk=,"Rutherford Stravenue",44,-99,he50QqbV+Jw2lYAAY/VYbqrhp/mQn7ms6hUemZJ7QrU=,http://placeimg.com/640/480,nis2sEf/t42amcOi7Alo800mjHp5eSYjyrDVdP5B0G8=,"Cadillac Model T","Model T","Passenger Van","Smart PT Cruiser",9+ZrSlai8LfZN7rKTI8J/iUbEe+E4DsvJhWTEeJbT8I=,https://cdn.fakercloud.com/avatars/haruintesettden_128.jpg,"2022-03-29 01:52:05"
40,"2022-03-29 11:40:00",Christiana.Mills,89180-9509,3702-476300-29636,jL5Ez/e5Z+ew9FK1fYeqSqqU1ETMhd2XjOFyWs/EYno=,b2QxfhT8KZmninerxH/vSjIPDNGvOy6o/jHJ2P7ze6w=,"Wade Viaduct",45,-19,Axpq6Ix5pB6xPXejcSe2hw7R9Xiq438SSx4EriZigUI=,http://placeimg.com/640/480,eUC+C6Zy4NpnFFyghyKeBBX5+iaZNz5dMn3YcaAHKsw=,"Chevrolet XC90",Golf,"Cargo Van","Volkswagen Durango",Ug2McJ6CaiwpYpK9nzgi+gnoe/1bm+rL/OD4696ihf8=,https://cdn.fakercloud.com/avatars/woodsman001_128.jpg,"2022-03-29 11:40:00"
41,"2022-03-29 07:51:17",Lee.Metz,62747,6759-2489-8356-7598-200,9042wcggPBD1W5tjawjVuVao70oZR4F7APWbsduTAW0=,8LB9GlyCVGeUF78NXnNy58MehermpzZrALN06Zm9HjI=,"Kenny Manor",5,117,7OSCAKjBVZ3ZyT2irVqddVp1+NhnZ9OdWouzZoQ4dVY=,http://placeimg.com/640/480,pGRgxeWzAwdBVQzujjBF1dLH0v+ulJAl/6pmPJmmz94=,"Bugatti Element",2,SUV,"Rolls Royce Model T",oeRFXOPo+tpfJCgJfpFWhQIW0hU2whJANrXhMBqre9Q=,https://cdn.fakercloud.com/avatars/weglov_128.jpg,"2022-03-29 07:51:17"
42,"2022-03-29 15:37:09",Damian27,16776,6767-7350-3935-5009-897,CXGdWZ25hHMIEbQfT8LB2cMKwAYJvS/+mV8LbhqpFws=,gpAH5HqqfwC/wFe15NOE6wt8IhS0A5D7SjqQxntrmIo=,"Rogahn Common",-58,-96,UDqIenTYKFH2UwlDVzWEMGna6lRvMG33wXZ3cPAiccA=,http://placeimg.com/640/480,E7EwgPBaoeF8wimCEBOxSFV7t7OoBILAruG/ZAL7nAc=,"Land Rover Jetta",Mercielago,Coupe,"Jaguar 2",qJit4s/M2KsnWfZIM+hpPtvypX48iNZC6o96W/1bKBs=,https://cdn.fakercloud.com/avatars/ainsleywagon_128.jpg,"2022-03-29 15:37:09"
43,"2022-03-29 07:19:16",Matt.Turner,33492-2886,4999953517114,10/Z2Y610GQ9+ih6BVYFJvbybzKaDaiBt+XIGnGO9m4=,KXl8csNf7qfG0Y8vPq04LZQp+eveKMufTVVuy5tkK/w=,"Flavie Neck",-3,-40,2zKVr+iA2sm3j9T8XHPD/KsldXI5ct4cFb5OZXW5nnQ=,http://placeimg.com/640/480,JTEnJlVdmCgoadNJi8ZpbkbXTu1LVt7CTSFDCK5TlBY=,"Mazda Cruze",LeBaron,Hatchback,"Ford Grand Caravan",x9zvSrnMyXlvQoexCR6BFAfBMYIVGhZ1mHmoouw4Nmc=,https://cdn.fakercloud.com/avatars/marakasina_128.jpg,"2022-03-29 07:19:16"
44,"2022-03-29 10:33:10",Sienna15,65065,3647-699263-8371,IWKMc+FgrClec4EDq96A3/fx+MUvB/EWgf98adADvlk=,z1BDJLy2gqEFXXtHr/MBgA7+q+VYWtjugBjXZ0zw9eQ=,"Scottie Parkway",33,-143,QdGxbhGwgkiTmvdzVInAtnytJugmc+sPlwCdeHW9mQ8=,http://placeimg.com/640/480,YgotWQscaiY0fCIVEnYjcZcrb2nk5TWwb/7PhoCUY8I=,"Mercedes Benz CTS",Accord,Hatchback,"Jaguar Aventador",bgMrBHJagztaPPNelaGHjzh+f3rwJHbs5oylfCptOvo=,https://cdn.fakercloud.com/avatars/okansurreel_128.jpg,"2022-03-29 10:33:10"
45,"2022-03-29 18:26:32",Roberta_Macejkovic94,24931-8565,6594-6243-1548-4639-6216,pFX8DIvtk74wqzmGFniknq9/VWxTxi2sfbzczytYNMk=,D4NtiUTgIwOhd1s2fMT8HrsyqVZudwTylehB1S0L4b4=,"Lilliana Lodge",-57,-29,SFhFyH6Sk2nQwSbmA18cOI4aidekTB4b+KjMfv7MLaM=,http://placeimg.com/640/480,nN8jQhoNqH9ggQCgYBfeJUIAYCsS49x3X5VzIp05ZyM=,"Mercedes Benz Accord","Model 3",Coupe,"Maserati CX-9",78O7TxTNZngt4Am1wweuxqoJNq6pTw6QnUxT7zytKKw=,https://cdn.fakercloud.com/avatars/dnezkumar_128.jpg,"2022-03-29 18:26:32"
46,"2022-03-29 08:07:04",Freida.Flatley,01650,67592457331187202,/8ic6eA2r9BoFePf2l7FtCB6M920EhK1ds0DTg7fMpI=,rlQzQb0C5aIRyzJj40aCw37ZhMpHKPj8rRQyD/n4ifo=,"Erling Bridge",32,-164,EX702gKX9HyzvTZb8dvA0TkxWmMupME8qN+qX3/Z52Q=,http://placeimg.com/640/480,tKg0C41vt+bFrvQWwhszy1Z6ho+xuKDReqXnpNPlTpU=,"Polestar Focus",Sentra,"Cargo Van","Polestar CTS",k1kjg+O00jq3j6ancieyrrRvVv7yOSUx6Hvcm4eEiCw=,https://cdn.fakercloud.com/avatars/balakayuriy_128.jpg,"2022-03-29 08:07:04"
47,"2022-03-29 18:55:38",Abagail88,23753-6502,6767-8798-1284-4951-899,fME8VDVcrv2Ct5DpT/81je8P02hDybYO6RZQ7y2cVzI=,i2VPoPZ9S0dmeE9Nm+Z7BYMiKKF3dd86f4m3OIBTm/w=,"Jeramy Points",60,36,CNtLywebW+X2+p2Sa0i63kUCLtsgIix2OGEbZDOv7iU=,http://placeimg.com/640/480,piXTSIfHl2NOV4YikAtFVHECNAHvtrhONUR6J5YNXro=,"Kia XC90",Altima,Minivan,"Jaguar Taurus",O1XeCw442O00PYI3r5T3+mzW9bO+/qjZEhHxMVvszO0=,https://cdn.fakercloud.com/avatars/foczzi_128.jpg,"2022-03-29 18:55:38"
48,"2022-03-29 11:12:06",Sim_Turcotte72,47737,630484105522430564,DmyPXwmQ+Jmn4NWV3XLVAGdDftI7qZ6ekHk5GJ8HBPQ=,pcwPGu4JedMWooo0QIx28Gni5pv4FzfiBRRWIaNwQBQ=,"Cole Turnpike",-58,-106,t5XaOLwir/16i0xSYxv0hHKT6j8StaKEUcswB/Q+Xnc=,http://placeimg.com/640/480,5V6JNy2cWrEWKGvzg4Mju/NDmYu0/3F0y8f3N8poODM=,"Kia Taurus",Alpine,"Extended Cab Pickup","BMW Roadster",UGddNz3ZgBRNKZKHtAIoJHbVjp2+DLRALRVsv6oLcgw=,https://cdn.fakercloud.com/avatars/jordyvdboom_128.jpg,"2022-03-29 11:12:06"
49,"2022-03-28 20:21:37",Julie_Sauer16,85970,6759065680532465,nE5+MaAmGRoP6bPLE7MP7FABXT6Sq3nQVH97Vr0FJcE=,qXjpkvEXl74i+AdfPzSfCYihHQVrAwMrnjooy4Z+2yc=,"Kevon Road",-23,-145,s1Y0PMHijD1Dx0QBAzB1fZ/5VPVZR0CI1GM0RUKw+xg=,http://placeimg.com/640/480,8/9+aMY0r/KWAbXHZtfBITD2PbCC67sbQbCiGKMiSMA=,"Bugatti Beetle",CX-9,Convertible,"Maserati Fortwo",8SSW1mCkPIvSv5cUOsND9DO2gFqhmodHQL4s7R/2iFM=,https://cdn.fakercloud.com/avatars/codysanfilippo_128.jpg,"2022-03-28 20:21:37"
50,"2022-03-29 11:25:06",Kamren_Watsica13,33077,3044-459915-3180,ELlz6LOAU4pWbBK32CNsTRfiFMC0BAm0meGSbxYGBio=,udx2XrHToIAcc17vCv/fxIoKiD9iW0awZjQfPPf8rZI=,"Beahan Expressway",50,10,fNP+9mPaiJ1AhEIOzrIF5kco81yoeG9oJoI0MSDI4Es=,http://placeimg.com/640/480,U5VlNbeQYExLBVkFEK7NT0HbEQNEF0dx+bWioM/VF1Y=,"Chevrolet Element","Model S","Cargo Van","Polestar Taurus",Tr/3eK8VRYav+DC7VVcnGYwkF8Cqvj0fNw4OiWYYxPI=,https://cdn.fakercloud.com/avatars/thedjpetersen_128.jpg,"2022-03-29 11:25:06"
51,"2022-03-28 20:26:17",Sylvester.Muller,57483,6759-2696-6012-2182-492,lUGmPW/bCPmEyeqs5WDYRUsQLk0Nui8SFYzuCBYdT1M=,RrBh0k//5M350sGMKIrenqBhajJTh/mrQvOq1kOQG3U=,"Milan Spurs",46,156,RIAOpUNgjyMOarlx9bISse7CeJvZx/vOkv0PA6A8lpI=,http://placeimg.com/640/480,PeObeFfesgdayYmLUUrWFNwnF+UMBurTJ3SXm3J2+/I=,"Dodge A8",Camry,Wagon,"Jaguar V90",5KGsof/PeR+QgoQe/NgwW5QbHP6S3BiMHLwW76ibR4c=,https://cdn.fakercloud.com/avatars/alecarpentier_128.jpg,"2022-03-28 20:26:17"
52,"2022-03-29 16:08:39",Claire.Jacobs79,47872-1156,5423-3717-7202-6424,2sBHZnlLjt2LsW5+SM3/oFz+ESP8A/Tt6rJKwc2LepI=,ddu3Rx9EPtZKAXeNpHnUCO8W14dko/lm3eXEDvn/Bf0=,"Eunice Prairie",83,-124,mOtiCZlyLMVm1894yQy7pN8OpDIYlg6h3XjGM/fS2qs=,http://placeimg.com/640/480,1K3Sm7VLlMYIrY+lNal+HExrqn1fN8qjyrowtqGWx6s=,"Lamborghini Aventador","Grand Cherokee",Wagon,"Mercedes Benz Jetta",LdxYdNGIu7j1SWP6z9xyhGzntL352Lr3rxDW0lJb/Bc=,https://cdn.fakercloud.com/avatars/thomasgeisen_128.jpg,"2022-03-29 16:08:39"
53,"2022-03-29 06:10:41",Alejandra13,09834,6706322585475071071,N2pAD7BIG4u9gOJvZAJgbZlJu18/oWC72cOIuw4FhH4=,GGBx4uK2HibPkvVRiB8v+xVPXQJ0P4EErP/2wxLJDSo=,"Britney Springs",-18,66,n10bqAIaXjc4vo2rqEwkjWS/SL6EQenp3X9/jly7qGs=,http://placeimg.com/640/480,YvB/KjGzQKb7yIpji2EQOO5tpo8q26gGu8Y5foWZqp8=,"Rolls Royce Silverado",Corvette,"Cargo Van","Volkswagen Spyder",ikgNL3H8QMyCulENf1cSlwZgeyKqNd5rIsrVVG1xka0=,https://cdn.fakercloud.com/avatars/joaoedumedeiros_128.jpg,"2022-03-29 06:10:41"
54,"2022-03-29 07:55:33",Muhammad.Lakin,01211,4738963443014,foqLq75CCdBaS7PC5CTZEGnrBsE9vS/qreJTsL6iym0=,RKtjuWIrqRdMhE4u9JESs8Ja1/vIsqBPCIowjamSglg=,"Stoltenberg Hollow",-71,-132,I3pQhtYcEgPM86KSqKHRPvdCVru7WSHwjcIfy2Muj6M=,http://placeimg.com/640/480,LesWX5zJUvLNNlRRn4n4pK4kqqVGA+BkNVh9y1OM+Gs=,"Toyota Element",A8,"Passenger Van","Rolls Royce Camry",OKjpobsMKulHxpDWdL8+MBNcHzZXI+2xjSkR3lJF0ww=,https://cdn.fakercloud.com/avatars/ryanmclaughlin_128.jpg,"2022-03-29 07:55:33"
55,"2022-03-29 00:46:17",Joany_Fisher,55929-3605,6767-3878-6029-7790-093,oDcw7rD9HERsPNjyiZBF51qS1NiXHdvjC38ovjfpoRE=,mdhQZGuq0Nr0sV0dzx3XL5ZL9TZiHTYc+lpFgKDMwQ4=,"Shea Views",-20,53,+y1JOom4qSS43eAa71Gp/arnPv3BfQW1VJUlgY4JriE=,http://placeimg.com/640/480,oHFamScm8wPLAg2NIP+Rw7QKPp5kM2qRYQAFbwM+BJc=,"Nissan Fortwo",Charger,Hatchback,"Mazda Explorer",4lsEo5Bjczx6jD7sBnnLyPKlsJ9huAihu/HpXtSrgL4=,https://cdn.fakercloud.com/avatars/jordyvdboom_128.jpg,"2022-03-29 00:46:17"
56,"2022-03-28 23:42:20",Maddison_Kovacek,91849-4370,3528-0551-0577-2001,XBVltwyEYhARM6HbrOk9iUmraR0WQziBt0jWzrjgekc=,3Q/Iz6NwlARLljAsiet8Ox52zDDyCGqn9cmjce679XE=,"Liam Loop",-9,93,MdyklHJeajNx7q/+hKMe6TtVnNIxq7tgsbll6AgUo3k=,http://placeimg.com/640/480,XKOwmHMlHAvlcOzH1FpoGyAbj8Yl2I1QB4wVoPU8Kh8=,"Toyota Sentra",Civic,Hatchback,"Volkswagen Model 3",XpahiOZCFZmfQ0jQyyauy7SzZDX7Wkw+/QwDlCdU3N4=,https://cdn.fakercloud.com/avatars/haligaliharun_128.jpg,"2022-03-28 23:42:20"
57,"2022-03-29 16:40:30",Russell94,03328,677100794887621021,Jq1pPoV6NQX3NlMvg8mr7LW2BRz89qJ65MASVdslgI4=,ShUiGS111wpcPjO2a3bb5hAgJc4P9LAUPI/L9w6RUP0=,"Ines Mall",-36,-119,I1L0lsGm/mhc7+PzZcuT7bFrHoeAp0pLUzKKfjfnx2E=,http://placeimg.com/640/480,tISmgrPUA5lYmrDpMo3fpG/xdWaPe/5Ri0XfTcnMfkg=,"Smart Accord","Land Cruiser",SUV,"Volvo Accord",Cu9UQrteVUNX7LzpCUMXtL7ySB668o+T24WNpwDGzOg=,https://cdn.fakercloud.com/avatars/adhiardana_128.jpg,"2022-03-29 16:40:30"
58,"2022-03-29 09:42:16",Modesto50,78504-3971,6011-6228-1766-8809-2908,I2U1w/UT3S33ynFlPZZWoqMr1vCPo2MfopXzO9E38j4=,BoU3JG/eKe7szY4JQWHrHBWi+K5qz8egBJ8QDIO5wWs=,"Brooklyn Inlet",-46,81,672dUzFH7o7INPQXjC/ha4/wqiiBH4UIx9Kxp/Ws1vY=,http://placeimg.com/640/480,a746fxToAwo4byM3xEb0YnWVGwUK7eORdRYSk4FGv3g=,"Dodge Explorer",Challenger,Hatchback,"Ferrari Challenger",bXaNrLXwFco3v2471mEl0jdoxv7GQxrFwuBvcyuMQag=,https://cdn.fakercloud.com/avatars/agustincruiz_128.jpg,"2022-03-29 09:42:16"
59,"2022-03-29 14:25:34",Hilbert.MacGyver53,33764-0431,5454-7608-5403-6822,tUpz7AOIZPDtfUXPIPF+G+aF/SE9cUou0Le7rVqdMFs=,fQPfbJrIvZYXiuhAAt7WQNXlrla6TenpTr6AvEp2xlQ=,"Helga Parkways",20,-113,dD9CYaX+LTFpRf3nyaqVTDK3SmL6eS5U7ILdA392yE4=,http://placeimg.com/640/480,cVaCOea9sFWixvZagNSaCyyn7iAKbtlXMyxjjN7O1B8=,"Ferrari Grand Cherokee",Aventador,Wagon,"Mazda Durango",LxMYuixw0no9xwp+YH3HQvMiJc3Qibh8FkP3RcJsJVk=,https://cdn.fakercloud.com/avatars/joemdesign_128.jpg,"2022-03-29 14:25:34"
60,"2022-03-29 00:11:16",Rolando24,91264,5465-7392-5932-8995,NLoSCmd1wm16kOTRZpQnYpaPClRL9P98ieuh6DStMWg=,2Q7GL3+nC3WJ1VclloEpY3mGqEXK7Cj4s0TXG7rnq+4=,"Ericka Lock",83,-151,vOLX2jYB3LISGQVvRLBcSEQjGVYEnz/w1I/cSYXnttQ=,http://placeimg.com/640/480,cbDL1ELQdrC8dzuoSjeyJGLRLpbgiD4+vD8cz//330c=,"Kia 1",LeBaron,Minivan,"Nissan Volt",nueLfQ+dMHpNiErTVYZ+DV7J6BsJT5f6q3miRkoWbZ0=,https://cdn.fakercloud.com/avatars/snowshade_128.jpg,"2022-03-29 00:11:16"
61,"2022-03-29 05:50:12",Natasha_Simonis,78505,5038467546136332179,5OPzO7aYreY5wWb7P95exLcWlhl564aJ5kRAu3Y1X7w=,IiQfXG3V5/nlKkUPjGCHRdUpR4bDgH/z5CSTRX+V6Dc=,"Hane Glens",-88,106,L40/0it3Jg20mkseGf3bSIiZgRoJpMe82S8cXeyPkhk=,http://placeimg.com/640/480,lX5WNKVOkGZ+nCr6cqbUUz8e5XYviGz6RU7q68bUcJE=,"Mini A4",Fortwo,Minivan,"Honda Focus",aYahscs0ZIQY3Ps2KFC4vK87HxLViJKTfm08BXZSyp0=,https://cdn.fakercloud.com/avatars/elisabethkjaer_128.jpg,"2022-03-29 05:50:12"
62,"2022-03-28 20:35:44",Earnestine.Dicki,86930,675916170898163184,qWNQQL4EGVFKK9zyB/r5ZkRDPwp0+cts/fzVHzh6oHU=,/vkqEQ8pkT0GMteD0P75In8EqLysfoGyNXXPFlNyNaI=,"Labadie Summit",65,-108,tdwKE7lza6JSMexAyG+r8zi6Z7xOefUrLxoB5k9rD+k=,http://placeimg.com/640/480,lYF8s22WRfnCS+ulXzYmqq2W0c8UfNTxlHZNPUqxplw=,"Bugatti F-150","Grand Caravan","Extended Cab Pickup","Nissan Silverado",9sqYy99dZRC907h/nLlX5p2YNDkzaa3xXvH0TAFli8g=,https://cdn.fakercloud.com/avatars/erwanhesry_128.jpg,"2022-03-28 20:35:44"
63,"2022-03-29 06:16:34",Rhett33,64565-7353,4123560033835,tyS/nwsA+fqMqSpF9gdvEpvNiM0WbNn1CXKo/6f/b5k=,xpkQVVmnK3p4wXg3i6pW469KnzDCy16yx7n6ee1bVHc=,"Champlin Lane",42,-94,7cf7hQEMpbS+F8cYXPyVd3mLgFi4g57NqhhaLz/CiXk=,http://placeimg.com/640/480,G2DFNfqnWjjP8m5Lt4suagiokeYWcvvxLRbbTNqFrE4=,"Polestar Fortwo",Focus,SUV,"Nissan El Camino",odtmWhvXq6D0eo2kOQIcwkv4KfvfzomtKsPPvrWqXBY=,https://cdn.fakercloud.com/avatars/cggaurav_128.jpg,"2022-03-29 06:16:34"
64,"2022-03-28 22:01:57",Lou_Haley11,92861-8172,6709441421578398880,m9kZTmZrHyGJ5lxraAVlVa5l1ACsCJb2ENtur2Me9DE=,hbi4u2I1OhT0VrmGnDgmaClmtmfdEzdSGmtkmg8x7xQ=,"Lea Estates",-43,-91,9z46PkbWzW4wTvmX41DrMuGbpgggpoAnDn7JkeHoj5s=,http://placeimg.com/640/480,MJBvslSfNgM4UX13WKHUaKaG4/b3r1RetjOdldsVwcU=,"BMW Wrangler",LeBaron,Hatchback,"Bentley Mercielago",BUmwOc9G6GKehMJZ2jPnWpbgt29YRI/IY2Wzw58U980=,https://cdn.fakercloud.com/avatars/miguelkooreman_128.jpg,"2022-03-28 22:01:57"
65,"2022-03-29 15:32:30",Shanna92,25168,5893-9162-7671-2250,4AC1Lqk59GYNyk99kSjG5Fl30GG9Cj+cseV01ZBFH5U=,EQuKadskLMN7hwT0RRTX/jNOND+mnhtNiCso4tpgVb0=,"Winona Radial",87,147,06Jr8ZWVQD+1hjk8uNNDwYwKTElOcLq3rq8vg1J/tGA=,http://placeimg.com/640/480,1Ady0gvlaghIo9eOk/B/Q4SGqgQjHeOmsqf4ouIR+J8=,"Ferrari Golf",Accord,Minivan,"Kia Impala",kN5w5vUgIHfbUS542P0W+CStT7aI+Ff5vblsMcD/Dew=,https://cdn.fakercloud.com/avatars/iamjdeleon_128.jpg,"2022-03-29 15:32:30"
66,"2022-03-29 13:12:01",Jalyn.Schamberger,04434-1979,5020357812469335,RbtsS8We5lPprYr/gSgQNFLK2iQlkDSXqKBjfg7bbYM=,buy/u2ye5AyiVJplDfJv62qQryMR7Pz6odrrWkc9ol4=,"Maximillia Freeway",-6,-127,QEjpWQgRHGPkiK9PFhGLcoWcPqeRfx2psReF+gB9ZaU=,http://placeimg.com/640/480,B/1HDphnpi3Mzk6sxf+n1iapY7aSWQOjxpkGHhCHVeA=,"Toyota Grand Cherokee",Colorado,"Extended Cab Pickup","Kia LeBaron",VoIcAI7NRavacwNq1PtyIckDB+7GYm1QHnqGStGJ8EE=,https://cdn.fakercloud.com/avatars/cadikkara_128.jpg,"2022-03-29 13:12:01"
67,"2022-03-29 16:19:33",Jeremy.Raynor,18027,6767-1152-4780-1581-635,jcTsc236da5W8Q+1CEPBDLb8iH5Z1j1DDkgFFcQDan0=,r6Y8zlH4kw0kyHTF+8f9GP3VrNisFgpXF1hB2lkziAc=,"Pfeffer Shores",37,-21,6jlRZ9ujYGe9wKGrjZhBLW0lCtxgTKR/kI+xYenHPJ0=,http://placeimg.com/640/480,xphyKyOf3j60S5txXNpKGVthXlWxhzz6IG6u3I6207o=,"Jeep Malibu",Explorer,Convertible,"Honda LeBaron",IMNs5+HtgI3GIhM1GObGUlNu9W2PFW4GCwX9KQ2II68=,https://cdn.fakercloud.com/avatars/arpitnj_128.jpg,"2022-03-29 16:19:33"
68,"2022-03-29 00:37:16",Tatum_Hoppe29,43520-0463,6759689050889272,vNxxGH2AV1Kq52DMOSMODMEIbPF9CCn/nP/hPGyu9Fg=,ZOuHZW2dOaVo6wDq3OqTYqPB3gcbYz3qGOMw7exAqYQ=,"Morar Mountain",48,120,pD3ZKBIrpqlznzU+oVA0QAb+O6Q/6MC1K5hXrCr7+YI=,http://placeimg.com/640/480,x57y3bZs6afgAhSda9XKQM/yMoqLqz0/lFTbHthjIes=,"Ford Beetle",Mustang,SUV,"Honda Beetle",J3fNDQpLbwxK65uZJtfAncABt5qsS3O8fSmnCq2KUdQ=,https://cdn.fakercloud.com/avatars/weglov_128.jpg,"2022-03-29 00:37:16"
69,"2022-03-29 06:59:25",Estefania72,88950,6759-8791-5926-5325-60,9ZUkcZJNRUTO5Uq2+K7VgfpOC6IB+0u8EYr9tqiP10M=,7UIMLqwwBSmvDTrqZUV45+Vtbn6DMFbmn1wP6p4Uuwc=,"Davon Keys",13,38,2gmkvgDuvEuTaSkwBjGm3ktQVDH9gPoWI8nD8J5/YXE=,http://placeimg.com/640/480,VXTA/aUkm1eqwXwlOybB+dZLiAhxaSPsw808HWS3xK0=,"Audi Impala",LeBaron,"Cargo Van","BMW Aventador",o6VaeBCP6UNyshVZgRbfjHw9DtGJaPykCObImRO4afc=,https://cdn.fakercloud.com/avatars/iamsteffen_128.jpg,"2022-03-29 06:59:25"
70,"2022-03-29 07:38:41",Margarita.Franecki64,13555,4644-5485-7176-4186,d54efXlhNrIa9Mf2+xcLRX2IYIRHyaHNI0bdVa2ZVHo=,u/TtYGzr5FUd70NGIKBv2yxTGq/5QYAIfn+XN3R1XkQ=,"Miller Viaduct",18,93,hBPGtPP+GR7Kjt8JERRfXYk1tb5s1pfvJYzxK0+al34=,http://placeimg.com/640/480,Fx7njDt6B9h6Li4CU0fqMxpJbGoMXrvpycYHT5KvS3M=,"Land Rover Silverado",Civic,SUV,"Mini Mercielago",3xV1nGomCOjYwZApw7Z/MCeX4HuN35Wz2dgA5WCY2SU=,https://cdn.fakercloud.com/avatars/mylesb_128.jpg,"2022-03-29 07:38:41"
71,"2022-03-29 11:19:38",Clara_Labadie56,58858-8813,50209422890048271389,REpUMPGfBaNN3ZP0dytlnN+epXDgxldqKsPBmlMRhOQ=,D1hk185hyIIzlJDG9rqS+0GJBh4/R0kuRZInBLlvBpM=,"Cyril Plains",-73,-27,iXZRPniN6KTTeAybcTenuSnfGPSxeB4C6g+gx+KpMTs=,http://placeimg.com/640/480,kpugYJK89RpBviD3GXk8PKthqS43OIbsnQuVLRu+wjM=,"Porsche Model 3",Focus,Sedan,"Honda El Camino",aHBF/LHRB/0x6FR7tzft+2gVo13UBkIc6nVu7m9mCRg=,https://cdn.fakercloud.com/avatars/vladarbatov_128.jpg,"2022-03-29 11:19:38"
72,"2022-03-29 18:39:57",Lavinia60,45673-7709,3749-174937-92088,Sa5ZvNmVcv1AxyHPjoekYYuFtwOSSOzLAOKV+lySG4U=,pzdRa9MIv1lfJRWF9lDiV4wONPRyhK56l8l/R1cs0yM=,"Reinger Harbor",20,-100,96nVJtavb2r6CXuC94tKyfOMFIdSaDe5gOUx7i1la00=,http://placeimg.com/640/480,kxIUQl0udEcP3FkAAip79mgr2nBFxojRZ/8QmnyNIcM=,"Rolls Royce Explorer",Accord,SUV,"Mini Grand Caravan",YsLLjLVz30X+6e36nDXWnrHU5QwWZlownt/iHG3BkuY=,https://cdn.fakercloud.com/avatars/estebanuribe_128.jpg,"2022-03-29 18:39:57"
73,"2022-03-29 09:24:26",Reginald.Dickinson,09636-8101,5441-6154-8260-7315,yALL87OAfaUpOpKHSl0ifCFbiK11ih6pfEYziSMIMx4=,tr/UvVrO7Uur1FZc/ulu6fb07o0RuvQ63KllXpg1kcY=,"Christiansen Plaza",4,-114,F+x+jKPb1InFYKRZZq6iM6fWJ7iX7BdXgqIqzqYBZoA=,http://placeimg.com/640/480,RhRPE9UZiFs0Z3T/Yxv+7zR/4eltT0I1K2Y6rGiPHHw=,"Kia Golf",Escalade,"Passenger Van","Fiat Spyder",jR2ZBQblTRBMuMzP0u/LAyiK/enK88U9lZNGY15K8e4=,https://cdn.fakercloud.com/avatars/kinday_128.jpg,"2022-03-29 09:24:26"
74,"2022-03-28 21:02:46",Carmella.Moore,27911-1129,6383-8193-8992-9976,ro0Qk1BtL81lCuGfX8amWqtrIK8tpYJAJDusuYdItks=,afBfMQEsKXY4NVV7MahrNoyupFyFJOMgkGU+ygDa++0=,"Ritchie Mount",27,-132,q2z34y3GKfXy7mQfTP/ILAg4r3LZmSUh9F+N7WU5vtE=,http://placeimg.com/640/480,IUC2E1t0KJdsqcK2hStB3IgutKO7NNkDvQNfOwm1CT8=,"Jaguar Roadster",Aventador,Coupe,"Rolls Royce 2",M4UwvWv39fiYTb47biCz0OVCXmjvKAIOq+AzAST/GuY=,https://cdn.fakercloud.com/avatars/xalionmalik_128.jpg,"2022-03-28 21:02:46"
75,"2022-03-29 06:57:38",Quinten_Bayer,64212,6709121871395284,QtZspnfIzYwos/6Jry4YB7LwXD/uRjp7cGpvyiMNoew=,ISvFStrHZC3D8TCp1PV9waeSr2cms2EaTX6dWYdcXyU=,"Stiedemann Alley",70,33,5D5GemCaKXU51sxa2XpJxFaKAR/INAzCLX6UDMOhxMA=,http://placeimg.com/640/480,zyT5O1cYr/yq21Xz+nl4RZX+0NcidNGcSSNLCOaH6pk=,"Jeep Durango",Focus,"Crew Cab Pickup","Chevrolet XTS",QWn7XaXQL4SeMMp8x4c6cUcgcs3GEcWXR5hLM87Nlko=,https://cdn.fakercloud.com/avatars/holdenweb_128.jpg,"2022-03-29 06:57:38"
76,"2022-03-29 11:59:07",Thurman_Sawayn1,41504,3421-512490-65059,J2mtI2ZdTuQ5IcHcOK8x1u/B65L5vf43bi36cCvyzfw=,ju581OoP7YYzrnmYoROto1JiU8BZGV/4/CWUoXy3w0Y=,"Hane Motorway",-3,-94,CUNIcHeBDp3eB893qpnyyPBSqZuts8CU/TaLaknOjqE=,http://placeimg.com/640/480,ZNLR0GLv4ue91DNIo7/QqnDLapVDARbHuskA+TjHDyk=,"Dodge Durango",Volt,SUV,"Bugatti 911",rEeASALnexB5+rhaEW+uOfPbRpCY6UTvqF6d3iUS4Lw=,https://cdn.fakercloud.com/avatars/laasli_128.jpg,"2022-03-29 11:59:07"
77,"2022-03-29 01:27:44",Maya.Will31,77455-8818,6379-5239-7571-2123,jfkHmt5h6JvczzJas4u6h5Tt60ZkzlyhjUjNQc4qK7M=,12xrnDeae8n1h5pz6qPOCdsP4xWDOZIA0PnjTKHFicI=,"Nelda Club",44,-91,zlfx7Ix4B7YtjwJUvNYdxPv6NasocN7de4a04sATztM=,http://placeimg.com/640/480,UBPE9wSdNGf9EIvvx8qrUi3PFHYBwO6xIatxbvA+hbY=,"Smart XC90",Countach,"Cargo Van","Mazda Corvette",vA+RCxphEplTs5EEs07oTG2eA5I8NxObBDlmFOd+tk0=,https://cdn.fakercloud.com/avatars/lonesomelemon_128.jpg,"2022-03-29 01:27:44"
78,"2022-03-29 09:45:08",Tyshawn_Kerluke94,47863-4920,3608-231352-5994,0SFpW7sY7xueGJPi+eRJFUwpXokMsxq2Lyzq1C5ihxo=,8AVejyiLVnwOvL4XHGJUkVXevo7DoQBVOGIs0aqTFNE=,"Freddie Greens",-62,56,LRRdgK+OeY/XDuI+vovKjL8GRLq+5oxXYLCrTMM4QRA=,http://placeimg.com/640/480,6M+f7Key9kIF1S+jZt514AI3mqgF96duvWYGY/Ue/U4=,"Mazda Durango",Golf,Minivan,"Kia Impala",aMhXqEfWvrdbXjUBjAZpMPt3Iz3np4Obzre+FSKKMcE=,https://cdn.fakercloud.com/avatars/picard102_128.jpg,"2022-03-29 09:45:08"
79,"2022-03-29 02:06:10",Ludie.Kemmer39,15787,50181396562952481,K1+vV3RRbZmSrmBUho3iXLZil6DIV6xaGj2oOAOBvHw=,GdUb1ESGxRL+2yRST85O4vgJLhDwvLr1aK+q30ZEG4k=,"Blick Ranch",-40,-28,TY9PLd1fA0DOUpakaCSCDTCAzk1LAUp6Y1qsyKcEpog=,http://placeimg.com/640/480,lnmfLurbEj9kBdNWDR3S6ZgSRElqiYDgwW7jV+AUwBg=,"Bugatti Escalade","El Camino",SUV,"Fiat Impala",iUSWwdL7T6hZCbGkkVRWeaOxhoR8Kml4aSCmInnjDiQ=,https://cdn.fakercloud.com/avatars/derekcramer_128.jpg,"2022-03-29 02:06:10"
80,"2022-03-29 04:37:15",Elissa.Luettgen,83826,5492-0720-9985-9576,5k5OI8E6Huu7uqoAbkgw3kYGKMEbBxcczpq1gUzF1Fg=,1xey3MQMmiIH/sktAqZNXrt9RvLQ32sEsPJHHf07MJU=,"Colten Court",-64,87,VDn8DlSM7Q5QK/Cy3FmkF15RxBouTbIM+VZcecr3VSk=,http://placeimg.com/640/480,2/FNyCUiM6hYlul2+ZJ2feNf4ttRxEHeU2a+JHMc0Yc=,"Lamborghini Beetle",Mercielago,"Extended Cab Pickup","Toyota Focus",YfB1HYlD2C0bIzQcyo+v5exKN/3gLdD7/gG2WNUS/rE=,https://cdn.fakercloud.com/avatars/elenadissi_128.jpg,"2022-03-29 04:37:15"
81,"2022-03-29 19:33:51",Gabe_Ritchie,66271-2243,6399-5980-5888-0599,eq1BMrqTm9h/ufmP2JVgwfy1eZAMTrcMjwW3SPrBl/k=,viXCrKPqujrvUzz8qVCe4ahqalrFmFDvja+AQrX+W+4=,"Pouros Gardens",2,-143,9o2TnvOk9J9HFRHmxeCOvjaRP+0yMiIeb8gDCkXqve4=,http://placeimg.com/640/480,f/Ds3r5Ilc6rkftEzJse6v9qx7TqlZvdQn1VcN6YWjQ=,"Jaguar Model 3",Civic,Convertible,"Mazda Fiesta",oN52+ugalZABmGJkFZfK1QpX8SfjIqFOyyfumen6E/s=,https://cdn.fakercloud.com/avatars/colgruv_128.jpg,"2022-03-29 19:33:51"
82,"2022-03-29 05:56:41",Sydnee91,76815,6375-9474-7115-6269,+/LpEyljc+HnD9mKgsLXzAJYhS3twtXIWbhCCSGrOA8=,RjKey6Y6QpN8+o2gjk5gkGigH66i92jHmIxRlOmjZvs=,"Marvin Lodge",-7,-24,swfn/HvdcsHE2W5kipiqs7P8cm5i1nAYg9gowzTBaAs=,http://placeimg.com/640/480,G5sMV9bLPC1zIUotNC5jJpvcM003vTlytQvLu04jK0c=,"Lamborghini Model T",Cruze,"Extended Cab Pickup","Honda Volt",GZEZ820DdhTnsYkYnw7fCjAm01TnlWda/dk3l2Qp97o=,https://cdn.fakercloud.com/avatars/eddiechen_128.jpg,"2022-03-29 05:56:41"
83,"2022-03-29 14:28:17",Libby.Doyle,56721-9024,5018457111098111418,CZMfiqcvqPNkm7oY/VErT5ULV+tWYa9Th2obtqShFj0=,4C5ffhSuryxgp0NQ3kJkx3iUkbgVyJd5K5QWlLM5SLU=,"Clemmie Village",42,133,oojtV3u7HqjXoyA7YfJlkhvgAEsx3X7Zy0wqAipEoL8=,http://placeimg.com/640/480,uiCQr/7ieaaWnKSxaKOGGCXCtI9jpq+AUiHUJwVinMA=,"Hyundai A8",Golf,Coupe,"Mercedes Benz Focus",OWhJcwsMEvKiMPAC1oSM9NO6KXdLmR1zAh1Kz20zZqM=,https://cdn.fakercloud.com/avatars/brenton_clarke_128.jpg,"2022-03-29 14:28:17"
84,"2022-03-29 17:14:02",Olaf_Goyette,35197,5481-9967-8416-5013,0kIOKSWmwe6YOd/5/28oKJFI2jqeGDRotKp+oa6J4V0=,co0wZVq6cmcKrad8K8umuSLzXfeyluI4J/sLscg2h+E=,"Orn Course",-90,-129,ShS56qdzQ76iD9Z7CklpM15tg3u49vSAiAnkRcfuJzk=,http://placeimg.com/640/480,UoAeGVmq7gI9/0fr0osLRxegDJYhHCw1mJ9edTyGtgs=,"Ferrari Golf","Grand Caravan","Cargo Van","Porsche Challenger",JIJQ1RoEvuoRfOQpvd0Y4DmDrS/wwmvbudzm+09zBHw=,https://cdn.fakercloud.com/avatars/weglov_128.jpg,"2022-03-29 17:14:02"
85,"2022-03-29 17:14:14",Ardith41,31643,6011-1383-1903-5436,5JT8l1CovucvgPzzOdONIKOF6Z347cw1rLmf4tMn94s=,FmYv+v3OqXIdziW9wgs7oNFzqboRaRPRevWzw+nGG/0=,"Korbin Curve",15,-115,z3iTq34uKtBr4A94KifWtKEqhHF3QQ+VX1IfgCatebU=,http://placeimg.com/640/480,fBS0r5N1i5tubraM7OSyLCwPZ858Hk8DFbfOIfETL3w=,"Polestar Sentra",Charger,"Cargo Van","Chrysler Aventador",six8MFZL18Xk2YJI/4ZdFGZw4ojrymfjgcc6kLB7FJE=,https://cdn.fakercloud.com/avatars/mandalareopens_128.jpg,"2022-03-29 17:14:14"
86,"2022-03-29 09:43:11",Anahi_Grady,91825-0909,3529-5578-0845-5017,4m0uDEEcyfXqhc/nRX+MzeqFGeZ6tDrbmIT4VsmsLpw=,b02iRC5tHb1qjzS7tBGfatkCGaTN+EgafH82Wi2Um2w=,"Kassulke Prairie",-14,-69,wtIlQ7vCbrk8us3iWLNsJAGpWe/4RPCqUeRJQ0TMUII=,http://placeimg.com/640/480,aX+TutzXzk0DNFGCtvLBQBEImf8c8eKsHnt3OZpvGdA=,"Fiat Model 3",Element,"Passenger Van","Audi ATS",b0TLjUc0BIafC8L2+JYMkc8cEefYSMj2sr73LxhPCeY=,https://cdn.fakercloud.com/avatars/trueblood_33_128.jpg,"2022-03-29 09:43:11"
87,"2022-03-29 12:56:31",Katherine_Metz6,38555-0388,676195558486480105,3aO2UBs9f+KPF1wR1JMkf9T/TlHxmfUoNMeOyIiIt1o=,FGEAS4dwvhLmRKFV8VUB15OuzkZbegOE0fQ1W5/q0NE=,"Moore Lakes",35,-78,9K2yJ/mITBoDKqVDKC5UAfL/fBs+STMx5TdhninsPjo=,http://placeimg.com/640/480,unyhH8WMTL6n+hrUQmyfgOh4U7zlMwpHxGSnNXVAQi0=,"Mazda Accord",Taurus,"Crew Cab Pickup","Tesla Mercielago",AoegDgqa6vhbHL1ydivnn6VVDClIm3L6jPSp6i1ocYU=,https://cdn.fakercloud.com/avatars/albertaugustin_128.jpg,"2022-03-29 12:56:31"
88,"2022-03-29 16:28:20",Tianna7,57656,4991503087397,PvSyM+fyAMWHpka/W9boVCJUU/35MDdqVKfBy1ReoH8=,NO8dBhU+QRyFyqvY5JW17gXg/zl/xcECyHP6cZW1mD4=,"Erich Divide",-30,8,4OvoZVBylsVBKVsjsis+gyEtoQMJ/oRT6jK+190+BVI=,http://placeimg.com/640/480,3MMhh8mXkQEtz/qtILr/Vcmnsn8EApQuDXZTW5nowzw=,"Fiat Golf","Grand Cherokee","Extended Cab Pickup","Chrysler Beetle",M8PhyHv8XWXYRmXr5y2h0vUXTcdSmjBuuMykx+v54+0=,https://cdn.fakercloud.com/avatars/rdbannon_128.jpg,"2022-03-29 16:28:20"
89,"2022-03-28 20:56:12",Gaetano.Larson,84033,6486-6255-2364-1030-4304,lPd3tyxfKTs3Ez43wZAqNmO/IFfOxcw5Eg3q47Cwvak=,LwjEGalkgs59klnUZAX5MlRBLThyknCw4Hwyk1v7pKI=,"Mafalda Ferry",-59,-14,Bn/wcQeEHxfenkRJk9fgf5kvSOtoTa6IamR+g0TLdn0=,http://placeimg.com/640/480,4T5r+bQWty/NIwi6SxEyG5Sg5GJiykFp5534xN8BECE=,"Land Rover Cruze","PT Cruiser",Hatchback,"Kia Land Cruiser",NBp+C9xArgTDJOZNcYvBRWOb/u79n8fVR8skaKCtHno=,https://cdn.fakercloud.com/avatars/isaacfifth_128.jpg,"2022-03-28 20:56:12"
90,"2022-03-29 11:54:38",Joyce_Considine,69441-9515,6767-1618-4924-6018-57,bambf7+jqbc0oSWuFAI1yoy7hxsN0kchLT6RvaYU2AM=,d7f5K4fke1XDpJ2M+DrVRkURgB5aSWzKmxcBWmPmfaU=,"Haag Tunnel",-32,-55,GOh1nPsN3g1r8P2OobydH459Zo6fiz3j3r1VeN9LQ9E=,http://placeimg.com/640/480,sp/ZNBJuq7PC4wxsekP5QK0KiHUx7uz0joAXG/LTxlg=,"Rolls Royce Focus",Challenger,SUV,"Chevrolet Spyder",ulb/WlXBQO9J6122V5ifi+qxvciFlHE9pJPucvRI1ok=,https://cdn.fakercloud.com/avatars/klefue_128.jpg,"2022-03-29 11:54:38"
91,"2022-03-28 21:41:05",Rhiannon.Kautzer75,72066,3529-1452-5193-8547,cHgFp1GQzKpYoe1575X6BXVCQ8YtBCH4LTFxYnyL1W4=,giE9MPz9XemwrY9+nDxzMFwgeTWhpvqqz9O5jgsSD54=,"Gennaro Road",-39,110,GhOEI9eFiPxP0jEDRXcM75VS63Rh5N9EzsUkT4t5sLA=,http://placeimg.com/640/480,95Rg6OlWIzfrdHv+nyPn9Sojqx/zuwXDhbNxAFF/tCg=,"Bugatti El Camino",ATS,Coupe,"Smart El Camino",qfYU4UPlrosIPKwRrtX2GeWqP0YfUOJlhxgojkBUcpw=,https://cdn.fakercloud.com/avatars/jeremiespoken_128.jpg,"2022-03-28 21:41:05"
92,"2022-03-29 11:46:27",Carrie_Kihn,69494-4136,6771-8988-9485-2297,3p71HxizeKfBwoeZlCCMfPHjm8sYuez24TrBWz5t5is=,UGvDWy+NC0e4ECnZyOZb0mmsbZrEy6feIBQ7dY9ETtk=,"Hessel Burg",-11,101,VFbW9FpzJWVoXulD0dwd8DWgTgpjwWbN5P377eQGfcg=,http://placeimg.com/640/480,zdhlXNEoUrgwHk4ft+CK0lg5h5aGQZ1FTFTnTfbmc1k=,"Aston Martin Volt",Beetle,Minivan,"Jaguar 1",Knap4yOFLzdh2MViZ60ZAwzjYxaV1Gtcg0tuTUik05I=,https://cdn.fakercloud.com/avatars/iamjdeleon_128.jpg,"2022-03-29 11:46:27"
93,"2022-03-29 13:25:09",Rozella.Funk,92454,6767-9559-8804-0630-599,fjEl/bib4wk8P0TJJLMo1E+tA19nqRFFjc8EyHE3HxQ=,hxLgCCPVvRgSyNIoRMqtmDpwm8vCwGcVwDo1dNV6M5Q=,"Hal Locks",36,-165,syBNaPxIkhzsQb7BcUh6gkDLMDy+gDRg1pjZvVhRCAY=,http://placeimg.com/640/480,W9/5TkaUlLWtQsPUMgFVT3Pq+WqoArRvA6jY3f8PLhc=,"Jeep Cruze","Model S",Wagon,"Honda CX-9",xc02MyJcZ1E3VynOY+N61BFcV1jmllvz63h8i7DkREA=,https://cdn.fakercloud.com/avatars/brunodesign1206_128.jpg,"2022-03-29 13:25:09"
94,"2022-03-29 07:25:30",Okey.Jacobi,01977-1280,3473-733632-76265,3z8sF1JUFRnkjg4/2r77PtTVTtEdTE1wzg4pvnPAD94=,0VnOYQ26ntmBwZkRQf+rAyw/mn/BqfTBjogda0av4OY=,"Estell Rue",-22,163,rqpo7ZW/gEgocOrvCfGXKgTqIvf3jnzH9vudMOaj8A4=,http://placeimg.com/640/480,snnNGCL6qTb1/T8bU9L2f7/l2sVjaDE0peVdWTSnWS4=,"Lamborghini LeBaron",Charger,"Extended Cab Pickup","Fiat Mercielago",T4TjhSAbH++8ZHU0wYyRtC/hZlmz4tdPO7/+y+5DM24=,https://cdn.fakercloud.com/avatars/quailandquasar_128.jpg,"2022-03-29 07:25:30"
95,"2022-03-28 23:42:42",Dion.Price,23161,5243-3224-0363-3322,cUrBql5yGMB3rhOK8784qbS5xaj1xc+7o+zJY7WLwqI=,xHOEZgZmgudSXT1Fu0QTfGgwilTJXpzxyArfERL+NG4=,"Jamar Islands",27,84,vpmzQEbV6ErMlU7KYIYb+sruUbKNeZ+FhvZY1ELtiFE=,http://placeimg.com/640/480,EEpRFDwUmbwt0XbGHAWXyRFiU5YASBR4B8BmNL5kOgw=,"Chrysler XC90",LeBaron,Convertible,"Kia Taurus",nkX0sMBnSDe7bqxTqFwFWhYwoH7iQ8Hzfvgv2lUBGic=,https://cdn.fakercloud.com/avatars/jjsiii_128.jpg,"2022-03-28 23:42:42"
96,"2022-03-29 17:39:39",Holden_McClure47,28141-0026,6706769956221570,5dqBGsh5ZPUIQcy+xNOzZKFAXn43bzPOmKdp2ARex64=,yFQzJZMa0fGBYct2WmMd/vGX576r2Rq/PRDv9wo6RDY=,"Bins Knolls",89,60,dihziRmHAy9mFWtf1bSbXC2Wrn51IJqet/jscskICzE=,http://placeimg.com/640/480,ZLgO/m+/AMHP1T/kMeS/aDGIR3NnGwXpqqJjR4eUgAc=,"Hyundai Explorer",Durango,Sedan,"Maserati Civic",vHkmyAD/mpBGTNrNu3Hfb9UKkPZGccq3lJ/dSuJuwhQ=,https://cdn.fakercloud.com/avatars/kylefoundry_128.jpg,"2022-03-29 17:39:39"
97,"2022-03-28 20:45:47",Alayna_Gusikowski,74938,6771-8965-7989-9047,RfU2ZK/04cixWGIRgLc1DUWs7EW0Et7ukeF7gmJrZUs=,wrcYybxX+DKSsOUXiZr14EdzqTT77HEttIuUf0OOsoQ=,"Gay Village",47,-91,afN8Az4mEFifJa220ondzhwANBjrTGbP1/7A0t9pNnE=,http://placeimg.com/640/480,vtX6uNLJu7G6k5YwGScmYOSG0GmVsMFqlgFmnsRhfMc=,"Audi Expedition","Land Cruiser",SUV,"Jeep Model T",Ax13HMgXS9qVNvqSZ7Ss051iarCePnMAXN9HybolobA=,https://cdn.fakercloud.com/avatars/el_fuertisimo_128.jpg,"2022-03-28 20:45:47"
98,"2022-03-29 08:48:43",Noel_Ondricka1,28516-6981,5452-6172-0433-4339,OujxrjKBx+N7NIBu9V2sDSNWiSkCljuM9Dci03jqfSw=,oMxYRiHmyx5722WgwgwAQRucuRIZS9V1P7WzDXGHhBs=,"Stokes Track",-19,141,z3ZRiI3pET1PxoUtYaxYQYRK1GZMEmyFt20so1Etdac=,http://placeimg.com/640/480,KWn01O3LxPVZuLJha/Cw/ZzyskomgIXk1F3qSbYWqbc=,"Ferrari Mercielago",Silverado,"Extended Cab Pickup","Chrysler Model T",yfODMBZClowYX7dgZd1e9pk8nNvZH+O3Stf9CtCmK28=,https://cdn.fakercloud.com/avatars/deviljho__128.jpg,"2022-03-29 08:48:43"
99,"2022-03-28 23:02:50",Ora53,92522-2848,3796-537078-97184,JEnu72TJS6xkYlN5F+7Fe9x6qsyKt6Dr6Wtg4zDF17U=,a8/lg4JZDwrilIwtfRLx40W97Eje4NPEodx6ApXZdhM=,"Graham Trace",77,-149,94eqYiCk1MJUjpGbGIu25Taz5Uwkp0e70c9+E2xnH/E=,http://placeimg.com/640/480,kqI5ojHgyYv/8GdrHwOYn6Cu+nZbKB9OOZTlGq/R6uQ=,"Jaguar Taurus",Volt,"Crew Cab Pickup","Aston Martin Beetle",mCGyHPdu5tww8mOH6twgCnc0YfuijequOsT4PJqMTc4=,https://cdn.fakercloud.com/avatars/imammuht_128.jpg,"2022-03-28 23:02:50"
100,"2022-03-29 14:09:15",Sharon.Larson,54828-0902,4171392254614,jXsF1WjsIRVhn+CQCUdKvvgeKQ3ezmQcvHGK8hN8Is0=,1l8KTWvSAdtolvfQESdAjPwnw7X4TtiHQbAPS1XaXP4=,"Faustino Turnpike",-6,-18,dLVJSQFZWnboboYWSKunxXTN7CJj6/I6MxLjWRHO0fU=,http://placeimg.com/640/480,GoJK/5kZctG48iW9mIywWFN/e82S8lNnL4KpYwqI2ng=,"Kia A8",Prius,"Cargo Van","Volkswagen PT Cruiser",DEeNFYo0QO2ZzI74tjSTCPpfmFkQmQeUtou8G5G38lE=,https://cdn.fakercloud.com/avatars/waghner_128.jpg,"2022-03-29 14:09:15"
